ip,search_query
10.29.2.14,scandal 2015
10.105.74.130,hentai
10.112.104.30,guddu rangeela
10.112.104.20,tanu weds manu
10.171.13.225,FRIENDS S01E01
10.112.104.30,miss tanak
10.103.7.85,anne hathway
10.103.10.183,Big Bang Theory s08
10.112.55.22,american crime story s01e05
10.29.2.14,2015
10.112.55.22,american crime story s01e05
10.21.8.171,game of thrones
10.102.45.82,maya 2016
10.105.7.11,passion hd
10.102.45.82,3ds max
10.109.23.127,derivative analytics using python
10.102.2.88,Mastizaade
10.105.56.33,Seduce Mom
10.109.23.127,python for finance
10.102.45.82,3ds max 2016
10.102.45.82,3ds max
10.105.71.57,kunfu panda
10.112.104.20,tanu weds manu
10.109.58.21,dil mange more
10.105.71.57,kunfu
10.112.104.30,pyaar ka punchnama
10.21.8.171,game of thrones season 5
10.105.71.57,panda
10.109.58.21,Dil Maange More
10.171.13.225,revenant
10.103.10.183,catch me if you can
10.105.71.57,panda dual
10.147.55.155,stepmom
10.103.10.183,Munich
10.105.71.57,revenant
10.66.5.176,kianna
10.109.23.48,bengal tiger
10.105.7.11,tear
10.105.26.23,louie s03e04
10.105.7.201,sexy sister
10.105.7.11,torn
10.103.10.183,Pursuit of Hapiness
10.109.23.48,raye raye
10.105.20.15,py photo
10.105.66.172,penelope cruz
10.103.10.183,Pursuit
10.105.7.201,sister
10.102.71.91,the flash
10.105.54.27,vampire diaries s01e02
10.105.20.15,pictires
10.109.23.127,python for finance
10.105.20.15,pictures
10.109.23.127,python for
10.103.10.183,playboy
10.117.19.55,indian teeen
10.117.35.16,savita
